{
  "method": "YOLO11-seg v2",
  "segmentation": {
    "mAP50": 0.5962685732276528,
    "mAP50-95": 0.3266047124124323,
    "box_mAP50": 0.6157673741148771,
    "box_mAP50-95": 0.39575058177736755
  },
  "note": "21 类解剖结构分割，无疾病分类（需配合 EfficientNet-B4 分类器）"
}